"Accuracy","Kappa","AccuracyLower","AccuracyUpper","AccuracyNull","AccuracyPValue","McnemarPValue","Sensitivity","Specificity","Pos.Pred.Value","Neg.Pred.Value","Precision","Recall","F1","Prevalence","Detection.Rate","Detection.Prevalence","Balanced.Accuracy","BID_MID"
0.916047972587093,0.831418485237484,0.906369228367628,0.925025240352402,0.531696173615077,0,1,0.921052631578947,0.910365853658537,0.921052631578947,0.910365853658537,0.921052631578947,0.921052631578947,0.921052631578947,0.531696173615077,0.489720159908624,0.531696173615077,0.915709242618742,"_"
"Accuracy","Kappa","AccuracyLower","AccuracyUpper","AccuracyNull","AccuracyPValue","McnemarPValue","Sensitivity","Specificity","Pos.Pred.Value","Neg.Pred.Value","Precision","Recall","F1","Prevalence","Detection.Rate","Detection.Prevalence","Balanced.Accuracy","BID_MID"
0.950469900939802,0.856081870325494,0.943223586061136,0.957037843031561,0.778765557531115,3.16246082483605e-199,0.886114085599552,0.886337543053961,0.968688845401174,0.889400921658986,0.967741935483871,0.889400921658986,0.886337543053961,0.887866589994249,0.221234442468885,0.196088392176784,0.220472440944882,0.927513194227568,"_"
"Accuracy","Kappa","AccuracyLower","AccuracyUpper","AccuracyNull","AccuracyPValue","McnemarPValue","Sensitivity","Specificity","Pos.Pred.Value","Neg.Pred.Value","Precision","Recall","F1","Prevalence","Detection.Rate","Detection.Prevalence","Balanced.Accuracy","BID_MID"
0.953529710512951,0.904353513504044,0.946483646110562,0.959892472276215,0.580497714575927,0,0.0384692450879588,0.935835351089588,0.966316710411199,0.952556993222428,0.954211663066955,0.952556993222428,0.935835351089588,0.94412213740458,0.419502285424073,0.392585068562722,0.412138141188421,0.951076030750393,"_"
"Accuracy","Kappa","AccuracyLower","AccuracyUpper","AccuracyNull","AccuracyPValue","McnemarPValue","Sensitivity","Specificity","Pos.Pred.Value","Neg.Pred.Value","Precision","Recall","F1","Prevalence","Detection.Rate","Detection.Prevalence","Balanced.Accuracy","BID_MID"
0.964204112718964,0.918589851739159,0.957920645333039,0.969786108935901,0.675298299060675,0,0.312216388343319,0.949960906958561,0.971052631578947,0.940402476780186,0.975821684926332,0.940402476780186,0.949960906958561,0.945157526254376,0.324701700939325,0.308453922315308,0.328002030972328,0.960506769268754,"_"
"Accuracy","Kappa","AccuracyLower","AccuracyUpper","AccuracyNull","AccuracyPValue","McnemarPValue","Sensitivity","Specificity","Pos.Pred.Value","Neg.Pred.Value","Precision","Recall","F1","Prevalence","Detection.Rate","Detection.Prevalence","Balanced.Accuracy","BID_MID"
1,1,0.998983736301178,1,0.963891951488423,1.134665959611e-58,NA,1,1,1,1,1,1,1,0.963891951488423,0.963891951488423,0.963891951488423,1,"_"
"Accuracy","Kappa","AccuracyLower","AccuracyUpper","AccuracyNull","AccuracyPValue","McnemarPValue","Sensitivity","Specificity","Pos.Pred.Value","Neg.Pred.Value","Precision","Recall","F1","Prevalence","Detection.Rate","Detection.Prevalence","Balanced.Accuracy","BID_MID"
0.967750126968004,0.9223037895945,0.961746904471459,0.97304533683414,0.707719654647029,0,0.286953857245659,0.950477845351868,0.974883387154647,0.939862542955326,0.979452054794521,0.939862542955326,0.950477845351868,0.945140388768898,0.292280345352971,0.277805992889792,0.295581513458608,0.962680616253257,"_"
"Accuracy","Kappa","AccuracyLower","AccuracyUpper","AccuracyNull","AccuracyPValue","McnemarPValue","Sensitivity","Specificity","Pos.Pred.Value","Neg.Pred.Value","Precision","Recall","F1","Prevalence","Detection.Rate","Detection.Prevalence","Balanced.Accuracy","BID_MID"
0.944599745870394,0.861628494048685,0.936988473399269,0.95154196060045,0.717916137229987,4.37263192313386e-291,0.00548850600749107,0.882882882882883,0.968849557522124,0.917602996254682,0.954656435298221,0.917602996254682,0.882882882882883,0.899908172635445,0.282083862770013,0.249047013977128,0.27141041931385,0.925866220202503,"_"
"Accuracy","Kappa","AccuracyLower","AccuracyUpper","AccuracyNull","AccuracyPValue","McnemarPValue","Sensitivity","Specificity","Pos.Pred.Value","Neg.Pred.Value","Precision","Recall","F1","Prevalence","Detection.Rate","Detection.Prevalence","Balanced.Accuracy","BID_MID"
0.939786585365854,0.864047751880501,0.931895620035526,0.947016478465899,0.67530487804878,0,0.00182122932916116,0.926447574334898,0.94620015048909,0.892238131122833,0.963970870065159,0.892238131122833,0.926447574334898,0.909021113243762,0.32469512195122,0.300813008130081,0.337144308943089,0.936323862411994,"_"
"Accuracy","Kappa","AccuracyLower","AccuracyUpper","AccuracyNull","AccuracyPValue","McnemarPValue","Sensitivity","Specificity","Pos.Pred.Value","Neg.Pred.Value","Precision","Recall","F1","Prevalence","Detection.Rate","Detection.Prevalence","Balanced.Accuracy","BID_MID"
0.968972533062055,0.929000227339465,0.963065287684957,0.974168430842268,0.681586978636826,0,0.00500661065744509,0.96405750798722,0.971268656716418,0.940031152647975,0.983006042296072,0.940031152647975,0.96405750798722,0.951892744479495,0.318413021363174,0.306968463886063,0.326551373346897,0.967663082351819,"_"
"Accuracy","Kappa","AccuracyLower","AccuracyUpper","AccuracyNull","AccuracyPValue","McnemarPValue","Sensitivity","Specificity","Pos.Pred.Value","Neg.Pred.Value","Precision","Recall","F1","Prevalence","Detection.Rate","Detection.Prevalence","Balanced.Accuracy","BID_MID"
0.944077275038129,0.871840510529312,0.936433799072064,0.951052374231027,0.682765632943569,0,0.0260906684811255,0.925480769230769,0.952717795979151,0.900936037441498,0.964932126696833,0.900936037441498,0.925480769230769,0.91304347826087,0.317234367056431,0.293594306049822,0.325876970005084,0.93909928260496,"_"
"Accuracy","Kappa","AccuracyLower","AccuracyUpper","AccuracyNull","AccuracyPValue","McnemarPValue","Sensitivity","Specificity","Pos.Pred.Value","Neg.Pred.Value","Precision","Recall","F1","Prevalence","Detection.Rate","Detection.Prevalence","Balanced.Accuracy","BID_MID"
0.947837150127226,0.881461987942713,0.940418055692404,0.954581009750196,0.676081424936387,0,0.124404365469804,0.928515318146112,0.957094467444486,0.912037037037037,0.96545178435839,0.912037037037037,0.928515318146112,0.920202413390424,0.323918575063613,0.300763358778626,0.329770992366412,0.942804892795299,"_"
"Accuracy","Kappa","AccuracyLower","AccuracyUpper","AccuracyNull","AccuracyPValue","McnemarPValue","Sensitivity","Specificity","Pos.Pred.Value","Neg.Pred.Value","Precision","Recall","F1","Prevalence","Detection.Rate","Detection.Prevalence","Balanced.Accuracy","BID_MID"
1,1,0.997106410192839,1,0.793401413982718,1.13383791161191e-128,NA,1,1,1,1,1,1,1,0.793401413982718,0.793401413982718,0.793401413982718,1,"_"
"Accuracy","Kappa","AccuracyLower","AccuracyUpper","AccuracyNull","AccuracyPValue","McnemarPValue","Sensitivity","Specificity","Pos.Pred.Value","Neg.Pred.Value","Precision","Recall","F1","Prevalence","Detection.Rate","Detection.Prevalence","Balanced.Accuracy","BID_MID"
0.942566709021601,0.882076366131196,0.934835114757595,0.949632557367521,0.572554002541296,0,1.53409082582602e-05,0.964491788726143,0.91319857312723,0.937041828374299,0.95049504950495,0.937041828374299,0.964491788726143,0.950568678915136,0.572554002541296,0.552223634053367,0.589326556543837,0.938845180926686,"_"
"Accuracy","Kappa","AccuracyLower","AccuracyUpper","AccuracyNull","AccuracyPValue","McnemarPValue","Sensitivity","Specificity","Pos.Pred.Value","Neg.Pred.Value","Precision","Recall","F1","Prevalence","Detection.Rate","Detection.Prevalence","Balanced.Accuracy","BID_MID"
0.956543837357052,0.881911362226413,0.949698891914429,0.962699863044645,0.759847522236341,1.5807260033924e-251,0.0924947801346629,0.921693121693122,0.967558528428094,0.899793388429752,0.975058982136839,0.899793388429752,0.921693121693122,0.9106116048092,0.240152477763659,0.221346886912325,0.245997458703939,0.944625825060608,"_"
"Accuracy","Kappa","AccuracyLower","AccuracyUpper","AccuracyNull","AccuracyPValue","McnemarPValue","Sensitivity","Specificity","Pos.Pred.Value","Neg.Pred.Value","Precision","Recall","F1","Prevalence","Detection.Rate","Detection.Prevalence","Balanced.Accuracy","BID_MID"
0.934517766497462,0.859228657462493,0.926339202127379,0.942044392562208,0.630456852791878,0,0.493451147199606,0.90728021978022,0.95048309178744,0.914819944598338,0.945913461538462,0.914819944598338,0.90728021978022,0.911034482758621,0.369543147208122,0.335279187817259,0.366497461928934,0.92888165578383,"_"
"Accuracy","Kappa","AccuracyLower","AccuracyUpper","AccuracyNull","AccuracyPValue","McnemarPValue","Sensitivity","Specificity","Pos.Pred.Value","Neg.Pred.Value","Precision","Recall","F1","Prevalence","Detection.Rate","Detection.Prevalence","Balanced.Accuracy","BID_MID"
0.969781615033012,0.921501249120155,0.963947223451426,0.974904264667651,0.740985271711529,0,0.463339622160504,0.946078431372549,0.978067169294037,0.937803692905734,0.981093159161224,0.937803692905734,0.946078431372549,0.941922889214251,0.259014728288471,0.245048247841544,0.261300152361605,0.962072800333293,"_"
"Accuracy","Kappa","AccuracyLower","AccuracyUpper","AccuracyNull","AccuracyPValue","McnemarPValue","Sensitivity","Specificity","Pos.Pred.Value","Neg.Pred.Value","Precision","Recall","F1","Prevalence","Detection.Rate","Detection.Prevalence","Balanced.Accuracy","BID_MID"
0.944148260979944,0.868408225146484,0.936514160420249,0.951114726725022,0.708301599390708,1.71305395906559e-308,1.45095172206875e-12,0.950391644908616,0.9415770609319,0.870119521912351,0.97876304023845,0.870119521912351,0.950391644908616,0.908485856905158,0.291698400609292,0.277227722772277,0.318608783955319,0.945984352920258,"_"
"Accuracy","Kappa","AccuracyLower","AccuracyUpper","AccuracyNull","AccuracyPValue","McnemarPValue","Sensitivity","Specificity","Pos.Pred.Value","Neg.Pred.Value","Precision","Recall","F1","Prevalence","Detection.Rate","Detection.Prevalence","Balanced.Accuracy","BID_MID"
0.966217932435865,0.928836804302673,0.960090394073197,0.97164004625169,0.616713233426467,0,0.00552438330781059,0.966865473823724,0.965815485996705,0.946173800259403,0.979123173277662,0.946173800259403,0.966865473823724,0.956407735168797,0.383286766573533,0.370586741173482,0.391668783337567,0.966340479910215,"_"
"Accuracy","Kappa","AccuracyLower","AccuracyUpper","AccuracyNull","AccuracyPValue","McnemarPValue","Sensitivity","Specificity","Pos.Pred.Value","Neg.Pred.Value","Precision","Recall","F1","Prevalence","Detection.Rate","Detection.Prevalence","Balanced.Accuracy","BID_MID"
0.953748411689962,0.907549215774866,0.946714016075173,0.960098610281833,0.52858958068615,0,2.72357231712729e-22,0.986522911051213,0.924519230769231,0.920986411675893,0.987166324435318,0.920986411675893,0.986522911051213,0.952628839146278,0.47141041931385,0.465057179161372,0.504955527318933,0.955521070910222,"_"
"Accuracy","Kappa","AccuracyLower","AccuracyUpper","AccuracyNull","AccuracyPValue","McnemarPValue","Sensitivity","Specificity","Pos.Pred.Value","Neg.Pred.Value","Precision","Recall","F1","Prevalence","Detection.Rate","Detection.Prevalence","Balanced.Accuracy","BID_MID"
0.962134688691233,0.923995152303311,0.955690836155016,0.967879990066468,0.544091486658196,0,4.81150909251876e-14,0.984392419175028,0.943484353106025,0.935877053524112,0.986328125,0.935877053524112,0.984392419175028,0.959521869057321,0.455908513341804,0.448792884371029,0.479542566709022,0.963938386140527,"_"
"Accuracy","Kappa","AccuracyLower","AccuracyUpper","AccuracyNull","AccuracyPValue","McnemarPValue","Sensitivity","Specificity","Pos.Pred.Value","Neg.Pred.Value","Precision","Recall","F1","Prevalence","Detection.Rate","Detection.Prevalence","Balanced.Accuracy","BID_MID"
0.942091836734694,0.86567868912641,0.934316777458438,0.949199349548917,0.68469387755102,0,0.690457715375785,0.905339805825243,0.959016393442623,0.910496338486574,0.956521739130435,0.910496338486574,0.905339805825243,0.907910750507099,0.31530612244898,0.285459183673469,0.313520408163265,0.932178099633933,"_"
"Accuracy","Kappa","AccuracyLower","AccuracyUpper","AccuracyNull","AccuracyPValue","McnemarPValue","Sensitivity","Specificity","Pos.Pred.Value","Neg.Pred.Value","Precision","Recall","F1","Prevalence","Detection.Rate","Detection.Prevalence","Balanced.Accuracy","BID_MID"
0.970309700537497,0.936323483873071,0.964495289106736,0.975405650736055,0.627335551574098,0,0.0777141828631802,0.953296703296703,0.980416156670747,0.966573816155989,0.972480777013355,0.966573816155989,0.953296703296703,0.959889349930844,0.372664448425902,0.355259790120297,0.367545431277195,0.966856429983725,"_"
"Accuracy","Kappa","AccuracyLower","AccuracyUpper","AccuracyNull","AccuracyPValue","McnemarPValue","Sensitivity","Specificity","Pos.Pred.Value","Neg.Pred.Value","Precision","Recall","F1","Prevalence","Detection.Rate","Detection.Prevalence","Balanced.Accuracy","BID_MID"
0.949117872666837,0.896930831439467,0.941759879243843,0.955795186492347,0.549220148299668,0,3.93078162071107e-05,0.926829268292683,0.967411545623836,0.958920187793427,0.941549614861803,0.958920187793427,0.926829268292683,0.942601672916066,0.450779851700332,0.417795960112503,0.435694195857837,0.947120406958259,"_"
"Accuracy","Kappa","AccuracyLower","AccuracyUpper","AccuracyNull","AccuracyPValue","McnemarPValue","Sensitivity","Specificity","Pos.Pred.Value","Neg.Pred.Value","Precision","Recall","F1","Prevalence","Detection.Rate","Detection.Prevalence","Balanced.Accuracy","BID_MID"
0.968278332054234,0.926515271190177,0.962294500531108,0.973547853401636,0.68406242005628,0,0.653422094755318,0.947368421052632,0.977935676888556,0.951993490642799,0.975746268656716,0.951993490642799,0.947368421052632,0.949675324675325,0.31593757994372,0.299309286262471,0.314402660526989,0.962652048970594,"_"
"Accuracy","Kappa","AccuracyLower","AccuracyUpper","AccuracyNull","AccuracyPValue","McnemarPValue","Sensitivity","Specificity","Pos.Pred.Value","Neg.Pred.Value","Precision","Recall","F1","Prevalence","Detection.Rate","Detection.Prevalence","Balanced.Accuracy","BID_MID"
0.953917050691244,0.901203466225547,0.946866071899447,0.960278406412396,0.631336405529954,0,0.332563754900346,0.942361111111111,0.96066504460665,0.933287482806052,0.966150081566068,0.933287482806052,0.942361111111111,0.937802349689012,0.368663594470046,0.347414234511009,0.372247823860727,0.951513077858881,"_"
"Accuracy","Kappa","AccuracyLower","AccuracyUpper","AccuracyNull","AccuracyPValue","McnemarPValue","Sensitivity","Specificity","Pos.Pred.Value","Neg.Pred.Value","Precision","Recall","F1","Prevalence","Detection.Rate","Detection.Prevalence","Balanced.Accuracy","BID_MID"
0.925793244626407,0.775707755905948,0.917124971334556,0.933818146172519,0.782497441146366,5.53830813367333e-131,0.000135121704301433,0.790588235294118,0.963374754741661,0.857142857142857,0.943021766965429,0.857142857142857,0.790588235294118,0.822521419828641,0.217502558853634,0.171954964176049,0.200614124872057,0.876981495017889,"_"
"Accuracy","Kappa","AccuracyLower","AccuracyUpper","AccuracyNull","AccuracyPValue","McnemarPValue","Sensitivity","Specificity","Pos.Pred.Value","Neg.Pred.Value","Precision","Recall","F1","Prevalence","Detection.Rate","Detection.Prevalence","Balanced.Accuracy","BID_MID"
0.968518044535449,0.928952955677151,0.962552420190626,0.973768545509214,0.671359099052982,0,0.071334948977969,0.960280373831776,0.97255051467785,0.944827586206897,0.980399692544197,0.944827586206897,0.960280373831776,0.952491309385863,0.328640900947018,0.315587407217814,0.334015868953161,0.966415444254813,"_"
"Accuracy","Kappa","AccuracyLower","AccuracyUpper","AccuracyNull","AccuracyPValue","McnemarPValue","Sensitivity","Specificity","Pos.Pred.Value","Neg.Pred.Value","Precision","Recall","F1","Prevalence","Detection.Rate","Detection.Prevalence","Balanced.Accuracy","BID_MID"
0.956621587139576,0.868721031551643,0.949767068698136,0.962784206011486,0.783873437101301,7.41326708578105e-208,1.23282599859664e-05,0.865407319952775,0.981770833333333,0.929024081115336,0.963578274760383,0.929024081115336,0.865407319952775,0.896088019559902,0.216126562898699,0.187037509568768,0.20132686909926,0.923589076643054,"_"
"Accuracy","Kappa","AccuracyLower","AccuracyUpper","AccuracyNull","AccuracyPValue","McnemarPValue","Sensitivity","Specificity","Pos.Pred.Value","Neg.Pred.Value","Precision","Recall","F1","Prevalence","Detection.Rate","Detection.Prevalence","Balanced.Accuracy","BID_MID"
0.968391537088963,0.917503359547185,0.962428645093165,0.973642496274138,0.74738720367066,1.33671387338368e-317,0.000112686556740759,0.959636730575177,0.971350613915416,0.918840579710145,0.986149584487535,0.918840579710145,0.959636730575177,0.938795656465943,0.25261279632934,0.242416517970941,0.263828702523579,0.965493672245296,"_"
"Accuracy","Kappa","AccuracyLower","AccuracyUpper","AccuracyNull","AccuracyPValue","McnemarPValue","Sensitivity","Specificity","Pos.Pred.Value","Neg.Pred.Value","Precision","Recall","F1","Prevalence","Detection.Rate","Detection.Prevalence","Balanced.Accuracy","BID_MID"
0.956709956709957,0.895901748240626,0.949869035591786,0.962860254439695,0.706646294881589,0,0.398858594093767,0.931423611111111,0.967207207207207,0.921821305841924,0.971407889974665,0.921821305841924,0.931423611111111,0.926597582037997,0.293353705118411,0.273236567354214,0.296409472880061,0.949315409159159,"_"
"Accuracy","Kappa","AccuracyLower","AccuracyUpper","AccuracyNull","AccuracyPValue","McnemarPValue","Sensitivity","Specificity","Pos.Pred.Value","Neg.Pred.Value","Precision","Recall","F1","Prevalence","Detection.Rate","Detection.Prevalence","Balanced.Accuracy","BID_MID"
0.945236882322975,0.87362389750853,0.937654644595361,0.952147467967937,0.699184921039226,0,2.74980056586066e-17,0.961896697713802,0.938069216757741,0.869831546707504,0.982824427480916,0.869831546707504,0.961896697713802,0.913550462404503,0.300815078960774,0.289353031074885,0.332654100866021,0.949982957235772,"_"
"Accuracy","Kappa","AccuracyLower","AccuracyUpper","AccuracyNull","AccuracyPValue","McnemarPValue","Sensitivity","Specificity","Pos.Pred.Value","Neg.Pred.Value","Precision","Recall","F1","Prevalence","Detection.Rate","Detection.Prevalence","Balanced.Accuracy","BID_MID"
0.990580448065173,0.980039893843482,0.987039550192464,0.993359339542349,0.620417515274949,0,0.0213585404338347,0.992622401073105,0.989331144850226,0.98273572377158,0.995458298926507,0.98273572377158,0.992622401073105,0.987654320987654,0.379582484725051,0.376782077393075,0.383401221995927,0.990976772961665,"_"
"Accuracy","Kappa","AccuracyLower","AccuracyUpper","AccuracyNull","AccuracyPValue","McnemarPValue","Sensitivity","Specificity","Pos.Pred.Value","Neg.Pred.Value","Precision","Recall","F1","Prevalence","Detection.Rate","Detection.Prevalence","Balanced.Accuracy","BID_MID"
0.956256358087487,0.893838493560965,0.949388806844971,0.962434946146946,0.7029501525941,0,5.3175632651653e-05,0.903253424657534,0.978654124457308,0.947037701974865,0.959900638750887,0.947037701974865,0.903253424657534,0.924627519719544,0.2970498474059,0.268311291963377,0.283316378433367,0.940953774557421,"_"
"Accuracy","Kappa","AccuracyLower","AccuracyUpper","AccuracyNull","AccuracyPValue","McnemarPValue","Sensitivity","Specificity","Pos.Pred.Value","Neg.Pred.Value","Precision","Recall","F1","Prevalence","Detection.Rate","Detection.Prevalence","Balanced.Accuracy","BID_MID"
0.947181310309802,0.888502243011925,0.939729729126241,0.953960122324074,0.608938547486033,0,0.0018073527835763,0.917532467532468,0.966221851542952,0.945783132530121,0.948036006546645,0.94578313253012,0.917532467532468,0.931443638760712,0.391061452513966,0.358811579481971,0.379380396140173,0.94187715953771,"_"
"Accuracy","Kappa","AccuracyLower","AccuracyUpper","AccuracyNull","AccuracyPValue","McnemarPValue","Sensitivity","Specificity","Pos.Pred.Value","Neg.Pred.Value","Precision","Recall","F1","Prevalence","Detection.Rate","Detection.Prevalence","Balanced.Accuracy","BID_MID"
0.924561849123698,0.84633448512369,0.915866119757733,0.932620932706061,0.572771145542291,0,0.020284932674421,0.925055432372506,0.923900118906064,0.942186088527552,0.901915264074289,0.942186088527552,0.925055432372506,0.933542179458492,0.572771145542291,0.529845059690119,0.562357124714249,0.924477775639285,"_"
"Accuracy","Kappa","AccuracyLower","AccuracyUpper","AccuracyNull","AccuracyPValue","McnemarPValue","Sensitivity","Specificity","Pos.Pred.Value","Neg.Pred.Value","Precision","Recall","F1","Prevalence","Detection.Rate","Detection.Prevalence","Balanced.Accuracy","BID_MID"
0.914380081300813,0.823642033875229,0.905201040057791,0.922938271452774,0.571392276422764,0,1.29404684109641e-10,0.95153401511783,0.864848844101956,0.903716216216216,0.930484693877551,0.903716216216216,0.95153401511783,0.927008880225255,0.571392276422764,0.54369918699187,0.601626016260163,0.908191429609893,"_"
"Accuracy","Kappa","AccuracyLower","AccuracyUpper","AccuracyNull","AccuracyPValue","McnemarPValue","Sensitivity","Specificity","Pos.Pred.Value","Neg.Pred.Value","Precision","Recall","F1","Prevalence","Detection.Rate","Detection.Prevalence","Balanced.Accuracy","BID_MID"
0.920010157440325,0.834413553508342,0.911095134697195,0.928295848883265,0.594972067039106,0,0.215138341155964,0.90846394984326,0.927870251813914,0.895550061804697,0.937068965517241,0.895550061804697,0.90846394984326,0.901960784313726,0.405027932960894,0.367953275774505,0.410868461147791,0.918167100828587,"_"
"Accuracy","Kappa","AccuracyLower","AccuracyUpper","AccuracyNull","AccuracyPValue","McnemarPValue","Sensitivity","Specificity","Pos.Pred.Value","Neg.Pred.Value","Precision","Recall","F1","Prevalence","Detection.Rate","Detection.Prevalence","Balanced.Accuracy","BID_MID"
0.896166539730896,0.788404458574884,0.88621771632054,0.905523169881716,0.563594821020564,0,0.0750619798213964,0.916216216216216,0.870273414776033,0.901196278245459,0.889417360285375,0.901196278245459,0.916216216216216,0.908644181371454,0.563594821020564,0.516374714394516,0.572988068037573,0.893244815496124,"_"
"Accuracy","Kappa","AccuracyLower","AccuracyUpper","AccuracyNull","AccuracyPValue","McnemarPValue","Sensitivity","Specificity","Pos.Pred.Value","Neg.Pred.Value","Precision","Recall","F1","Prevalence","Detection.Rate","Detection.Prevalence","Balanced.Accuracy","BID_MID"
0.928643981716607,0.856901146029167,0.920154551097084,0.936490482480174,0.520314880650076,0,0.00285671298437302,0.943875061005368,0.912122816304923,0.920952380952381,0.937431991294886,0.920952380952381,0.943875061005368,0.932272836828151,0.520314880650076,0.491112239715592,0.5332656170645,0.927998938655146,"_"
"Accuracy","Kappa","AccuracyLower","AccuracyUpper","AccuracyNull","AccuracyPValue","McnemarPValue","Sensitivity","Specificity","Pos.Pred.Value","Neg.Pred.Value","Precision","Recall","F1","Prevalence","Detection.Rate","Detection.Prevalence","Balanced.Accuracy","BID_MID"
0.91744983489967,0.834810328651953,0.90841319190425,0.925860993450951,0.510541021082042,0,0.657215997341141,0.913336792942398,0.921393034825871,0.91762252346194,0.9172857850421,0.91762252346194,0.913336792942398,0.915474642392718,0.489458978917958,0.447040894081788,0.487172974345949,0.917364913884134,"_"
"Accuracy","Kappa","AccuracyLower","AccuracyUpper","AccuracyNull","AccuracyPValue","McnemarPValue","Sensitivity","Specificity","Pos.Pred.Value","Neg.Pred.Value","Precision","Recall","F1","Prevalence","Detection.Rate","Detection.Prevalence","Balanced.Accuracy","BID_MID"
0.911607823215646,0.79602257145588,0.902305391298099,0.920293879732346,0.674371348742697,4.90500906184322e-275,0.000493304890109894,0.946892655367232,0.838533541341654,0.923925027563396,0.884046052631579,0.923925027563396,0.946892655367232,0.935267857142857,0.674371348742697,0.638557277114554,0.691135382270765,0.892713098354443,"_"
"Accuracy","Kappa","AccuracyLower","AccuracyUpper","AccuracyNull","AccuracyPValue","McnemarPValue","Sensitivity","Specificity","Pos.Pred.Value","Neg.Pred.Value","Precision","Recall","F1","Prevalence","Detection.Rate","Detection.Prevalence","Balanced.Accuracy","BID_MID"
0.916455053326562,0.800326234003854,0.907373493969289,0.924912842673643,0.698831894362621,5.78845091139699e-244,0.185781233580789,0.944767441860465,0.850758853288364,0.936262153402953,0.869078380706288,0.936262153402953,0.944767441860465,0.940495568818955,0.698831894362621,0.660233621127476,0.705180294565769,0.897763147574415,"_"
"Accuracy","Kappa","AccuracyLower","AccuracyUpper","AccuracyNull","AccuracyPValue","McnemarPValue","Sensitivity","Specificity","Pos.Pred.Value","Neg.Pred.Value","Precision","Recall","F1","Prevalence","Detection.Rate","Detection.Prevalence","Balanced.Accuracy","BID_MID"
0.90465293668955,0.809378888273249,0.89504405555594,0.913655608079465,0.510043224002034,0,8.68656226862388e-05,0.922677737415672,0.887337986041874,0.887225548902196,0.922757905650596,0.887225548902196,0.922677737415672,0.904604426354617,0.489956775997966,0.45207220950928,0.509534706331045,0.905007861728773,"_"
"Accuracy","Kappa","AccuracyLower","AccuracyUpper","AccuracyNull","AccuracyPValue","McnemarPValue","Sensitivity","Specificity","Pos.Pred.Value","Neg.Pred.Value","Precision","Recall","F1","Prevalence","Detection.Rate","Detection.Prevalence","Balanced.Accuracy","BID_MID"
0.93775406504065,0.875501701084273,0.929748663983571,0.945101669228547,0.510162601626016,0,0.0298420644179543,0.930278884462151,0.945539419087137,0.946781550937658,0.928680590932247,0.946781550937658,0.930278884462151,0.938457673951269,0.510162601626016,0.474593495934959,0.501270325203252,0.937909151774644,"_"
"Accuracy","Kappa","AccuracyLower","AccuracyUpper","AccuracyNull","AccuracyPValue","McnemarPValue","Sensitivity","Specificity","Pos.Pred.Value","Neg.Pred.Value","Precision","Recall","F1","Prevalence","Detection.Rate","Detection.Prevalence","Balanced.Accuracy","BID_MID"
0.91869918699187,0.835226724165674,0.909719800867794,0.927050973254324,0.563262195121951,0,0.0162268425678476,0.919720767888307,0.917907081641858,0.896766874645491,0.936493327197423,0.896766874645491,0.919720767888307,0.908098793796669,0.436737804878049,0.401676829268293,0.447916666666667,0.918813924765083,"_"
"Accuracy","Kappa","AccuracyLower","AccuracyUpper","AccuracyNull","AccuracyPValue","McnemarPValue","Sensitivity","Specificity","Pos.Pred.Value","Neg.Pred.Value","Precision","Recall","F1","Prevalence","Detection.Rate","Detection.Prevalence","Balanced.Accuracy","BID_MID"
0.911861823723647,0.822187493451478,0.902570698604444,0.920536178374503,0.547371094742189,0,0.747379304674196,0.917865429234339,0.904601571268238,0.920856610800745,0.901062045835662,0.920856610800745,0.917865429234339,0.919358587032303,0.547371094742189,0.50241300482601,0.545593091186182,0.911233500251288,"_"
"Accuracy","Kappa","AccuracyLower","AccuracyUpper","AccuracyNull","AccuracyPValue","McnemarPValue","Sensitivity","Specificity","Pos.Pred.Value","Neg.Pred.Value","Precision","Recall","F1","Prevalence","Detection.Rate","Detection.Prevalence","Balanced.Accuracy","BID_MID"
0.918465836931674,0.817510370460112,0.909476685420827,0.926827914700232,0.65506731013462,0,0.00035408730626179,0.950368359829391,0.857879234167894,0.927004538577912,0.901005413766435,0.927004538577912,0.950368359829391,0.938541068351522,0.65506731013462,0.62255524511049,0.671577343154686,0.904123796998643,"_"
"Accuracy","Kappa","AccuracyLower","AccuracyUpper","AccuracyNull","AccuracyPValue","McnemarPValue","Sensitivity","Specificity","Pos.Pred.Value","Neg.Pred.Value","Precision","Recall","F1","Prevalence","Detection.Rate","Detection.Prevalence","Balanced.Accuracy","BID_MID"
0.944895886236668,0.889657436094499,0.937305434117983,0.951817312458353,0.520314880650076,0,0.174562557998404,0.941922889214251,0.948120698782425,0.951676528599605,0.937696335078534,0.951676528599605,0.941922889214251,0.946774589158695,0.520314880650076,0.490096495683088,0.514982224479431,0.945021793998338,"_"
"Accuracy","Kappa","AccuracyLower","AccuracyUpper","AccuracyNull","AccuracyPValue","McnemarPValue","Sensitivity","Specificity","Pos.Pred.Value","Neg.Pred.Value","Precision","Recall","F1","Prevalence","Detection.Rate","Detection.Prevalence","Balanced.Accuracy","BID_MID"
0.907567293042153,0.805232278489612,0.898089152757609,0.916435487854692,0.614017267648553,0,0.637120822638221,0.922663358147229,0.883552631578947,0.926495016611296,0.877777777777778,0.926495016611296,0.922663358147229,0.924575217571488,0.614017267648553,0.566531234129,0.611477907567293,0.903107994863088,"_"
"Accuracy","Kappa","AccuracyLower","AccuracyUpper","AccuracyNull","AccuracyPValue","McnemarPValue","Sensitivity","Specificity","Pos.Pred.Value","Neg.Pred.Value","Precision","Recall","F1","Prevalence","Detection.Rate","Detection.Prevalence","Balanced.Accuracy","BID_MID"
0.918232605383443,0.822903957453465,0.909233716962516,0.926604945636483,0.635347892331133,0,0.199933907098689,0.940447641886491,0.879526462395543,0.931512272367379,0.894475920679887,0.931512272367379,0.940447641886491,0.935958631662689,0.635347892331133,0.597511427120366,0.641442356526155,0.909987052141017,"_"
"Accuracy","Kappa","AccuracyLower","AccuracyUpper","AccuracyNull","AccuracyPValue","McnemarPValue","Sensitivity","Specificity","Pos.Pred.Value","Neg.Pred.Value","Precision","Recall","F1","Prevalence","Detection.Rate","Detection.Prevalence","Balanced.Accuracy","BID_MID"
0.912899949212798,0.82541000536928,0.903656496079049,0.921525174735185,0.51879126460132,0,0.0233422020128909,0.898153034300792,0.926578560939794,0.919006479481641,0.907478427612656,0.919006479481641,0.898153034300792,0.908460101414465,0.48120873539868,0.432199085830371,0.470289487049264,0.912365797620293,"_"
"Accuracy","Kappa","AccuracyLower","AccuracyUpper","AccuracyNull","AccuracyPValue","McnemarPValue","Sensitivity","Specificity","Pos.Pred.Value","Neg.Pred.Value","Precision","Recall","F1","Prevalence","Detection.Rate","Detection.Prevalence","Balanced.Accuracy","BID_MID"
0.924092409240924,0.84363620914781,0.915375876343657,0.932173361763825,0.576288398070576,0,1.87287975337747e-05,0.887956860395446,0.950660792951542,0.929736511919699,0.920255863539446,0.929736511919699,0.887956860395446,0.908366533864542,0.423711601929424,0.376237623762376,0.404671236354405,0.919308826673494,"_"
"Accuracy","Kappa","AccuracyLower","AccuracyUpper","AccuracyNull","AccuracyPValue","McnemarPValue","Sensitivity","Specificity","Pos.Pred.Value","Neg.Pred.Value","Precision","Recall","F1","Prevalence","Detection.Rate","Detection.Prevalence","Balanced.Accuracy","BID_MID"
0.907083015993907,0.812986545996255,0.897585286320328,0.915971706599465,0.531607006854532,0,0.000206255036239669,0.929799426934097,0.88130081300813,0.898891966759003,0.917089678510998,0.898891966759003,0.929799426934097,0.914084507042254,0.531607006854532,0.494287890327494,0.54988575780655,0.905550119971114,"_"
"Accuracy","Kappa","AccuracyLower","AccuracyUpper","AccuracyNull","AccuracyPValue","McnemarPValue","Sensitivity","Specificity","Pos.Pred.Value","Neg.Pred.Value","Precision","Recall","F1","Prevalence","Detection.Rate","Detection.Prevalence","Balanced.Accuracy","BID_MID"
0.939563230066023,0.879130575407915,0.931661700732255,0.946804386829072,0.501523616048756,0,0.0800924246840347,0.932658227848101,0.946510443199185,0.946070878274268,0.933199397287795,0.946070878274268,0.932658227848101,0.939316675165732,0.501523616048756,0.467750126968004,0.494413407821229,0.939584335523643,"_"
"Accuracy","Kappa","AccuracyLower","AccuracyUpper","AccuracyNull","AccuracyPValue","McnemarPValue","Sensitivity","Specificity","Pos.Pred.Value","Neg.Pred.Value","Precision","Recall","F1","Prevalence","Detection.Rate","Detection.Prevalence","Balanced.Accuracy","BID_MID"
0.916941833883668,0.830153446466829,0.907881590035245,0.92537738733862,0.583947167894336,0,6.84502892762765e-05,0.913005654632449,0.922466422466423,0.942946990116801,0.883109292811222,0.942946990116801,0.913005654632449,0.927734806629834,0.583947167894336,0.533147066294133,0.565405130810262,0.917736038549436,"_"
"Accuracy","Kappa","AccuracyLower","AccuracyUpper","AccuracyNull","AccuracyPValue","McnemarPValue","Sensitivity","Specificity","Pos.Pred.Value","Neg.Pred.Value","Precision","Recall","F1","Prevalence","Detection.Rate","Detection.Prevalence","Balanced.Accuracy","BID_MID"
0.921299822289921,0.831967383433728,0.912447595942468,0.929520856594725,0.628078192434628,0,0.334276855026418,0.933710590137429,0.900341296928328,0.940553745928339,0.889413351314902,0.940553745928339,0.933710590137429,0.937119675456389,0.628078192434628,0.586443259710586,0.623508504696624,0.917025943532878,"_"
"Accuracy","Kappa","AccuracyLower","AccuracyUpper","AccuracyNull","AccuracyPValue","McnemarPValue","Sensitivity","Specificity","Pos.Pred.Value","Neg.Pred.Value","Precision","Recall","F1","Prevalence","Detection.Rate","Detection.Prevalence","Balanced.Accuracy","BID_MID"
0.933214829862875,0.857974652229922,0.924964145967013,0.940815320891569,0.608938547486033,0,2.74638676376677e-11,0.879220779220779,0.967889908256881,0.946191474493361,0.925807738332669,0.946191474493361,0.879220779220779,0.911477616963985,0.391061452513966,0.343829355002539,0.363382427628238,0.92355534373883,"_"
"Accuracy","Kappa","AccuracyLower","AccuracyUpper","AccuracyNull","AccuracyPValue","McnemarPValue","Sensitivity","Specificity","Pos.Pred.Value","Neg.Pred.Value","Precision","Recall","F1","Prevalence","Detection.Rate","Detection.Prevalence","Balanced.Accuracy","BID_MID"
0.915120711562897,0.826025916153993,0.905974204565888,0.923645052675474,0.574841168996188,0,0.208209539023738,0.931476569407604,0.893006575014943,0.92169728783902,0.90600363856883,0.92169728783902,0.931476569407604,0.926561125769569,0.574841168996188,0.535451080050826,0.580940279542567,0.912241572211274,"_"
"Accuracy","Kappa","AccuracyLower","AccuracyUpper","AccuracyNull","AccuracyPValue","McnemarPValue","Sensitivity","Specificity","Pos.Pred.Value","Neg.Pred.Value","Precision","Recall","F1","Prevalence","Detection.Rate","Detection.Prevalence","Balanced.Accuracy","BID_MID"
0.910845821691643,0.788747548116986,0.901509600725355,0.91956685195874,0.689611379222758,1.90601723349033e-245,0.000935244904520597,0.946961325966851,0.830605564648118,0.92548596112311,0.875754961173425,0.92548596112311,0.946961325966851,0.936100491534681,0.689611379222758,0.653035306070612,0.705613411226822,0.888783445307484,"_"
"Accuracy","Kappa","AccuracyLower","AccuracyUpper","AccuracyNull","AccuracyPValue","McnemarPValue","Sensitivity","Specificity","Pos.Pred.Value","Neg.Pred.Value","Precision","Recall","F1","Prevalence","Detection.Rate","Detection.Prevalence","Balanced.Accuracy","BID_MID"
0.928117856235713,0.852980688929153,0.919600432992824,0.935993017862238,0.57251714503429,0,0.405288378760116,0.940550133096717,0.91146761734997,0.934332304980168,0.919664268585132,0.934332304980168,0.940550133096717,0.937430908688923,0.57251714503429,0.538481076962154,0.576327152654305,0.926008875223344,"_"
"Accuracy","Kappa","AccuracyLower","AccuracyUpper","AccuracyNull","AccuracyPValue","McnemarPValue","Sensitivity","Specificity","Pos.Pred.Value","Neg.Pred.Value","Precision","Recall","F1","Prevalence","Detection.Rate","Detection.Prevalence","Balanced.Accuracy","BID_MID"
0.951231902463805,0.90245944391209,0.944034528651632,0.957749637095647,0.504191008382017,0,0.718216129533986,0.950125944584383,0.952356557377049,0.95300656897423,0.949438202247191,0.953006568974229,0.950125944584383,0.951564076690212,0.504191008382017,0.479044958089916,0.502667005334011,0.951241250980716,"_"
"Accuracy","Kappa","AccuracyLower","AccuracyUpper","AccuracyNull","AccuracyPValue","McnemarPValue","Sensitivity","Specificity","Pos.Pred.Value","Neg.Pred.Value","Precision","Recall","F1","Prevalence","Detection.Rate","Detection.Prevalence","Balanced.Accuracy","BID_MID"
0.924834941594718,0.8476355198531,0.916153871895043,0.932879098436239,0.551549009649568,0,0.00303357793150155,0.901472253680634,0.943830570902394,0.928821470245041,0.921762589928058,0.928821470245041,0.901472253680634,0.914942528735632,0.448450990350432,0.404266124936516,0.435246317927882,0.922651412291514,"_"
"Accuracy","Kappa","AccuracyLower","AccuracyUpper","AccuracyNull","AccuracyPValue","McnemarPValue","Sensitivity","Specificity","Pos.Pred.Value","Neg.Pred.Value","Precision","Recall","F1","Prevalence","Detection.Rate","Detection.Prevalence","Balanced.Accuracy","BID_MID"
0.904544300583905,0.79983344050769,0.894938487758291,0.913545002876976,0.607768469154608,0,0.958870477575147,0.921052631578947,0.878964401294498,0.921822742474916,0.877828054298643,0.921822742474916,0.921052631578947,0.921437526117844,0.607768469154608,0.55978674790556,0.607260726072607,0.900008516436723,"_"
"Accuracy","Kappa","AccuracyLower","AccuracyUpper","AccuracyNull","AccuracyPValue","McnemarPValue","Sensitivity","Specificity","Pos.Pred.Value","Neg.Pred.Value","Precision","Recall","F1","Prevalence","Detection.Rate","Detection.Prevalence","Balanced.Accuracy","BID_MID"
0.929913661757237,0.852363553974085,0.921489557032104,0.93769282406303,0.599542915185373,0,1.18968295816749e-10,0.878249841471148,0.964421855146125,0.9428182437032,0.922235722964763,0.942818243703199,0.878249841471148,0.909389363099146,0.400457084814627,0.351701371254444,0.373031995937024,0.921335848308636,"_"
"Accuracy","Kappa","AccuracyLower","AccuracyUpper","AccuracyNull","AccuracyPValue","McnemarPValue","Sensitivity","Specificity","Pos.Pred.Value","Neg.Pred.Value","Precision","Recall","F1","Prevalence","Detection.Rate","Detection.Prevalence","Balanced.Accuracy","BID_MID"
0.892331132554596,0.78385705904801,0.882230495248448,0.901845318868163,0.525647536820721,0,0.0464659356420521,0.875267665952891,0.907729468599034,0.89539978094195,0.88967803030303,0.89539978094195,0.875267665952891,0.885219274499188,0.474352463179279,0.415185373285932,0.463687150837989,0.891498567275962,"_"
"Accuracy","Kappa","AccuracyLower","AccuracyUpper","AccuracyNull","AccuracyPValue","McnemarPValue","Sensitivity","Specificity","Pos.Pred.Value","Neg.Pred.Value","Precision","Recall","F1","Prevalence","Detection.Rate","Detection.Prevalence","Balanced.Accuracy","BID_MID"
0.994670050761421,0.989197609843884,0.991864087442339,0.996697740438576,0.554822335025381,0,1.27496749210971e-05,1,0.988027366020525,0.990484821024015,1,0.990484821024014,1,0.995219667653084,0.554822335025381,0.554822335025381,0.560152284263959,0.994013683010262,"_"
"Accuracy","Kappa","AccuracyLower","AccuracyUpper","AccuracyNull","AccuracyPValue","McnemarPValue","Sensitivity","Specificity","Pos.Pred.Value","Neg.Pred.Value","Precision","Recall","F1","Prevalence","Detection.Rate","Detection.Prevalence","Balanced.Accuracy","BID_MID"
0.928426395939086,0.85468252182875,0.919928118271991,0.936282417629539,0.553299492385787,0,0.000108526096677828,0.901136363636364,0.95045871559633,0.936245572609209,0.922528940338379,0.936245572609209,0.901136363636364,0.918355529820498,0.446700507614213,0.40253807106599,0.42994923857868,0.925797539616347,"_"
"Accuracy","Kappa","AccuracyLower","AccuracyUpper","AccuracyNull","AccuracyPValue","McnemarPValue","Sensitivity","Specificity","Pos.Pred.Value","Neg.Pred.Value","Precision","Recall","F1","Prevalence","Detection.Rate","Detection.Prevalence","Balanced.Accuracy","BID_MID"
0.967570938571874,0.919201765929119,0.960842386946295,0.973427873687311,0.728406610539445,1.00656614955905e-288,0.00013116297592663,0.963260619977038,0.969178082191781,0.920965971459934,0.986062717770035,0.920965971459934,0.963260619977038,0.941638608305275,0.271593389460555,0.261615216713439,0.28406610539445,0.966219351084409,"_"
"Accuracy","Kappa","AccuracyLower","AccuracyUpper","AccuracyNull","AccuracyPValue","McnemarPValue","Sensitivity","Specificity","Pos.Pred.Value","Neg.Pred.Value","Precision","Recall","F1","Prevalence","Detection.Rate","Detection.Prevalence","Balanced.Accuracy","BID_MID"
0.963922294172063,0.922503690169169,0.955176036546671,0.971379669524223,0.62627197039778,3.9412528821446e-313,0.0174171302868999,0.938118811881188,0.979320531757755,0.964376590330789,0.963662790697674,0.964376590330789,0.938118811881188,0.951066499372647,0.37372802960222,0.350601295097132,0.363552266419982,0.958719671819471,"_"
"Accuracy","Kappa","AccuracyLower","AccuracyUpper","AccuracyNull","AccuracyPValue","McnemarPValue","Sensitivity","Specificity","Pos.Pred.Value","Neg.Pred.Value","Precision","Recall","F1","Prevalence","Detection.Rate","Detection.Prevalence","Balanced.Accuracy","BID_MID"
0.992551724137931,0.982794962892492,0.989181522069333,0.995085967988181,0.686068965517241,0,0.000118600138662247,0.990349819059107,0.997363796133568,0.998783454987834,0.979292493528904,0.998783454987834,0.990349819059107,0.994548758328286,0.686068965517241,0.679448275862069,0.680275862068966,0.993856807596337,"_"
"Accuracy","Kappa","AccuracyLower","AccuracyUpper","AccuracyNull","AccuracyPValue","McnemarPValue","Sensitivity","Specificity","Pos.Pred.Value","Neg.Pred.Value","Precision","Recall","F1","Prevalence","Detection.Rate","Detection.Prevalence","Balanced.Accuracy","BID_MID"
0.961411525767961,0.889344035059316,0.954917524711417,0.967208954889734,0.76999238385377,1.86479114484164e-249,0.00155982001689212,0.894039735099338,0.981536432575008,0.935334872979215,0.96876016921575,0.935334872979215,0.894039735099338,0.914221218961625,0.23000761614623,0.205635948210206,0.21985275450622,0.937788083837173,"_"
"Accuracy","Kappa","AccuracyLower","AccuracyUpper","AccuracyNull","AccuracyPValue","McnemarPValue","Sensitivity","Specificity","Pos.Pred.Value","Neg.Pred.Value","Precision","Recall","F1","Prevalence","Detection.Rate","Detection.Prevalence","Balanced.Accuracy","BID_MID"
0.954319761668322,0.866242001432235,0.946256780149419,0.961487294847014,0.785501489572989,3.71271373586759e-153,0.0502429191293779,0.912037037037037,0.965865992414665,0.879464285714286,0.9757343550447,0.879464285714286,0.912037037037037,0.895454545454546,0.214498510427011,0.195630585898709,0.222442899702085,0.938951514725851,"_"
"Accuracy","Kappa","AccuracyLower","AccuracyUpper","AccuracyNull","AccuracyPValue","McnemarPValue","Sensitivity","Specificity","Pos.Pred.Value","Neg.Pred.Value","Precision","Recall","F1","Prevalence","Detection.Rate","Detection.Prevalence","Balanced.Accuracy","BID_MID"
0.950089126559715,0.88228870932518,0.942808660335037,0.956690105986797,0.692895339954164,0,0.283976771750912,0.912106135986733,0.966923925027563,0.92436974789916,0.961271465107782,0.92436974789916,0.912106135986733,0.918196994991653,0.307104660045837,0.280112044817927,0.303030303030303,0.939515030507148,"_"
"Accuracy","Kappa","AccuracyLower","AccuracyUpper","AccuracyNull","AccuracyPValue","McnemarPValue","Sensitivity","Specificity","Pos.Pred.Value","Neg.Pred.Value","Precision","Recall","F1","Prevalence","Detection.Rate","Detection.Prevalence","Balanced.Accuracy","BID_MID"
0.959225280326198,0.915086324305214,0.952558769243041,0.965196318056792,0.588939857288481,0,6.07183063306544e-12,0.923124612523249,0.984422327996538,0.976393442622951,0.948311796581909,0.976393442622951,0.923124612523249,0.949012109623964,0.411060142711519,0.379459734964322,0.388634046890928,0.953773470259893,"_"
"Accuracy","Kappa","AccuracyLower","AccuracyUpper","AccuracyNull","AccuracyPValue","McnemarPValue","Sensitivity","Specificity","Pos.Pred.Value","Neg.Pred.Value","Precision","Recall","F1","Prevalence","Detection.Rate","Detection.Prevalence","Balanced.Accuracy","BID_MID"
0.914904458598726,0.825916000934858,0.90573585175459,0.923449638563531,0.575796178343949,0,0.701702741287563,0.924336283185841,0.902102102102102,0.927619893428064,0.897788404064555,0.927619893428064,0.924336283185841,0.925975177304964,0.575796178343949,0.532229299363057,0.57375796178344,0.913219192643971,"_"
